{
  "attribution_accuracy": 0.7291666666666666,
  "exact_match": 0.5,
  "f1": 0.6538883428843383,
  "faithfulness": 0.4840277777777778,
  "image_mrr": 0.3736111111111111,
  "image_ndcg@5": 0.44647297255351787,
  "image_recall@5": 0.6666666666666666,
  "text_mrr": 0.63,
  "text_ndcg@5": 0.6766737245286174,
  "text_recall@5": 0.8166666666666667,
  "vqa_accuracy": 0.16666666666666666
}