{
  "exact_match": 0.0,
  "f1": 0.08211973392461197,
  "faithfulness": 0.5946153846153847,
  "text_mrr@5": 1.0,
  "text_ndcg@5": 0.7391146223107347,
  "text_recall@5": 0.5666666666666667
}