{
  "anls": 0.5751428014665121,
  "attribution_accuracy": 0.7660550458715596,
  "exact_match": 0.46788990825688076,
  "f1": 0.6345694149568379,
  "faithfulness": 0.4908256880733945,
  "image_mrr": 0.6682170542635659,
  "image_ndcg@5": 0.7160397092668176,
  "image_recall@5": 0.8604651162790697,
  "text_mrr": 0.6737003058103976,
  "text_ndcg@5": 0.7249506007944849,
  "text_recall@5": 0.8807339449541285,
  "vqa_accuracy": 0.1559633027522936
}