{
  "exact_match": 0.0,
  "f1": 0.10573338323183523,
  "faithfulness": 0.5109920634920635,
  "text_mrr": 1.0,
  "text_ndcg@1": 1.0,
  "text_ndcg@10": 0.668900937377104,
  "text_ndcg@3": 0.7391146223107347,
  "text_ndcg@5": 0.7391146223107347,
  "text_recall@1": 0.38666666666666666,
  "text_recall@10": 0.5666666666666667,
  "text_recall@3": 0.5266666666666666,
  "text_recall@5": 0.5666666666666667
}