{
  "attribution_accuracy": 0.715846994535519,
  "exact_match": 0.23770491803278687,
  "f1": 0.5290576285455484,
  "faithfulness": 0.4095628415300547,
  "image_mrr": 0.3856666666666666,
  "image_ndcg@5": 0.4451551330918794,
  "image_recall@5": 0.62,
  "text_mrr": 0.6046448087431694,
  "text_ndcg@5": 0.6438212965211213,
  "text_recall@5": 0.7622950819672131,
  "vqa_accuracy": 0.07923497267759562
}