{
  "exact_match": 0.0,
  "f1": 0.0871354079058032,
  "faithfulness": 0.6158730158730159,
  "text_mrr@5": 1.0,
  "text_ndcg@5": 0.7391146223107347,
  "text_recall@5": 0.5666666666666667
}